1,Gloria,82,42,83,13,55,9701573683,Bhimavaram,1/14 Maruthi Nagar,552754
2,Clio,5,28,97,96,56,9.3051E+15,Banglore,1-2-4 STREET Whitefield,545820
3,Shellie,51,25,89,94,64,9.61586E+15,Banglore,45 Airport,568004
4,Liberty,55,52,87,50,61,9.78979E+15,Kakinada,2-3-4 AVB Nagar,596869
5,Zane,17,45,6,35,25,9.59256E+15,Vizag,G107 akkayapalem,572831
6,Tiger,68,4,75,98,61,9369411914541890,Hyderabad,6/23 Rudraram,541891
7,Brynne,40,78,2,35,38,9.66144E+15,Hyderabad,1/12 Chandanagar,545433
8,Burton,74,97,69,25,66,9.84363E+15,Bhimavaram,3/4 Gunupudi,505884
9,Troy,65,87,45,38,58,9.5712E+15,Hyderabad,6/23 Rudraram,598338
10,Ifeoma,9,95,23,29,39,9.54086E+15,Bhimavaram,2-1-2 Narasimhapuram,523074
11,Joseph,17,30,100,95,60,9.80319E+15,Kakinada,1-1-3 A colony,585374
12,Jesse,93,96,10,66,66,9.92679E+15,Karnool,Thrd 343 c camp,570302
13,Hedley,65,55,56,41,54,9.87327E+15,Bhimavaram,5/16 Narasimhapuram,512868
14,Stewart,84,27,95,61,66,9.49388E+15,Bhimavaram,11/2 Gandhinagar,538206
15,Keane,35,78,59,32,51,9.00919E+15,Karnool,First street c camp,562618
16,Adam,70,56,3,43,43,9.86983E+15,Vizag,Traffic post mvp colony,514406
17,Caleb,86,67,9,27,47,9.04608E+15,Hyderabad,41-775 Siddiq Nagar,546138
18,Genevieve,31,3,27,52,28,9.52123E+15,Hyderabad,2-3-90 Kondapur,567477
19,Kieran,18,21,41,16,24,9.4532E+15,Tirupati,4-5 K.B Layout,518983
20,Charde,89,100,69,18,69,9.38358E+15,Bhimavaram,21/2 Raayalam,516920
21,Joseph,27,11,45,77,40,9.53944E+15,Hyderabad,41-775 Siddiq Nagar,515691
22,Molly,72,65,92,24,63,9.81055E+15,Vizag,3rd street mvp colony,532081
23,Blossom,52,84,51,32,54,9.07412E+15,Hyderabad,23-1-1 Kondapur,507397
24,Samantha,65,61,76,29,57,9.79054E+15,Hyderabad,41-775 Siddiq Nagar,529233
25,TaShya,33,75,27,94,57,9.12726E+15,Rajahmundry,5th street 4th house morampudi,540990
26,Maia,74,24,18,64,45,,,,
27,Hayden,15,75,27,59,44,9.39088E+15,Banglore,2-4-5 Jayanagar,534679
28,Leo,86,42,6,38,43,9.612E+15,Karnool,0-3040 kallur,504165
29,Kirsten,100,26,76,96,74,9.54378E+15,Rajahmundry,7th street 4th house morampudi,547920
30,Yoko,20,88,1,43,38,9.55626E+15,Tirupati,4-5 K.B Layout,524661
31,Ava,97,47,53,50,61,9.30977E+15,Vizag,1-5-20 maddilapalem,547548
32,Brock,100,44,29,40,53,9.08168E+15,Rajahmundry,1-2-3 aditya nagar,563891
33,Vielka,22,89,16,92,54,9.75501E+15,Vizag,2nd street mvp colony,517454
34,Ryder,88,86,23,68,66,9.21089E+15,Hyderabad,23-1-1 Kondapur,552023
35,Quin,10,72,95,58,58,9.77649E+15,Tirupati,fourth Street jevakona,597723
36,Wyoming,97,95,6,68,66,9.8711E+15,Banglore,1/3 Marathahalli,541788
37,Igor,97,95,86,60,84,9.36367E+15,Bhimavaram,1/28 Srirampuram,520943
38,Timothy,28,59,22,48,39,9.89384E+15,Kakinada,2-3-4 AVB Nagar,598712
39,Griffin,8,96,90,87,70,9.97184E+15,Hyderabad,23-1-1 Kondapur,533408
40,Petra,23,34,67,54,44,9.03223E+15,Bhimavaram,1/2 Pedamiram colony,534016
41,Nehru,72,47,19,92,57,9.87141E+15,Vizag,first street akkayapalem,560665
42,Troy,95,66,18,75,63,9.0129E+15,Karnool,12-123 a camp,549090
43,Rose,79,95,78,77,82,9.56303E+15,Banglore,2-4-5 Jayanagar,530847
44,Bruce,27,44,39,48,39,9.82759E+15,Banglore,1000 Yeshwantpur,592155
45,Paula,67,2,60,48,44,9.83976E+15,Hyderabad,42-775/1 Chandanagar,514411
46,Hyatt,39,10,53,38,35,9.77586E+15,Banglore,64 Kadubeesanahalli,586901
47,Lacota,45,80,98,87,77,9.34333E+15,Hyderabad,41-775 Siddiq Nagar,573111
48,Stephanie,61,69,70,82,70,9.36055E+15,Bhimavaram,17/4 Pedamiram colony,559302
49,Reuben,43,18,76,38,43,9.9796E+15,Banglore,4th STREET whitefield,548121
50,Caesar,14,6,97,20,34,9.07641E+15,Kakinada,1-1-3 A colony,558893
51,Kirk,89,13,8,84,48,9.07436E+15,Vizag,Traffic signal mvp colony,514395
52,Vernon,3,46,7,38,23,9.24457E+15,Vizag,Beach road mvp colony,516240
53,Elvis,91,78,85,3,64,9.06333E+15,Hyderabad,13/2 Gayatri Nagar,545766
54,Faith,86,95,57,82,80,9.86298E+15,Banglore,2/4 Jayanagar,528538
55,Troy,40,36,57,48,45,9.37183E+15,Karnool,Second street c camp,567737
56,Reagan,17,83,62,50,53,9.4766E+15,Banglore,34 Airport,566689
57,Lucius,18,98,91,53,65,9.2679E+15,Vizag,4-10-20 mvp colony,505495
58,Jacob,33,1,26,18,19,9.30029E+15,Rajahmundry,1-2-3 aditya nagar,555811
59,Leslie,73,34,25,90,55,9.99754E+15,Vizag,5th street mvp colony,535206
60,Shay,74,35,18,9,34,9.79171E+15,Hyderabad,1/12 Chandanagar,513986
61,Alisa,91,25,16,45,44,9.89526E+15,Karnool,0102 kallur,505963
62,Winifred,1,90,5,57,38,9.74936E+15,Karnool,90123-123 camp,534322
63,Timothy,41,10,28,50,32,9.9145E+15,Hyderabad,1/12 Chandanagar,557327
64,Maris,32,100,59,13,51,9.40559E+15,Vizag,2-3-4 mvp colony,504099
65,Sylvia,11,43,23,97,43,9.63691E+15,Karnool,5th layout kallur,520842
66,Ava,46,99,28,13,46,9.28084E+15,Karnool,1210123 c camp,597987
67,Keely,14,57,94,67,58,9.75128E+15,Rajahmundry,6th street 4th house morampudi,541023
68,Jared,34,50,96,28,52,9.79117E+15,Karnool,4th layout kallur,518930
69,Axel,5,66,11,90,43,9.69614E+15,Vizag,4th street mvp colony,534140
70,Jelani,74,4,15,79,43,9.17062E+15,Bhimavaram,30/2 Gandhinagar,553256
71,Madeson,33,8,47,19,26,9.41588E+15,Bhimavaram,12-3-207 Gandhinagar,587045
72,Solomon,92,85,68,62,76,9.44216E+15,Karnool,4-5-6 kallur,501593
73,Elijah,28,91,57,27,50,9.36663E+15,Hyderabad,303-1 Chandanagar,530224
74,Lysandra,31,70,100,10,52,9.17904E+15,Bhimavaram,11/3 Pedamiram colony,534785
75,Uriah,1,54,55,54,41,9.65641E+15,Bhimavaram,280/3 Srirampuram,527862
76,Jared,50,67,4,88,52,9.55195E+15,Rajahmundry,2nd street 4th house morampudi,581165
77,Kalia,35,67,7,51,40,9.91773E+15,Tirupati,2-4 Tirumala,507113
78,Kameko,36,83,5,19,35,9.48827E+15,Vizag,sand castle rushikonda,595623
79,Daphne,46,35,35,88,51,9.35582E+15,Vizag,2nd layout maddilapalem,536358
80,Anthony,15,29,51,28,30,9.68109E+15,Banglore,3 Hebbal,561693
81,George,85,45,34,67,57,9.74056E+15,Tirupati,Second Street jevakona,587409
82,Doris,82,77,49,31,59,9.88206E+15,Rajahmundry,1-2-3 aditya nagar,556749
83,Hector,16,84,97,45,60,9.56788E+15,Rajahmundry,8th street 4th house morampudi,548959
84,Wayne,24,2,62,89,44,9.50798E+15,Karnool,2nd layout kallur,515840
85,Jasper,29,6,9,79,30,9.00009E+15,Karnool,123-123 b camp,556037
86,Germane,4,40,27,94,41,9.33761E+15,Tirupati,1-2 Tirumala,506667
87,Mohammad,11,21,82,51,41,9.28903E+15,Hyderabad,16/2 Gayatri Nagar,555378
88,Cruz,30,18,23,28,24,9.58819E+15,Kakinada,1-1-3 A colony,588451
89,Garrison,12,31,88,67,49,9.59145E+15,Vizag,123-123-1 ramakrishna beach,594253
90,Carissa,16,44,13,92,41,9.53105E+15,Kakinada,2-3-4 AVB Nagar,597233
91,Urielle,19,90,42,54,51,9.36963E+15,Rajahmundry,1-4 gandhinagar,504238
92,India,85,71,28,37,55,9.1414E+15,Bhimavaram,17/2 Raayalam,597017
93,Otto,86,3,20,100,52,9.06948E+15,Bhimavaram,3/14 Adarsh Nagar,526861
94,Adara,97,53,48,92,72,9.28376E+15,Banglore,2000 Yeshwantpur,595443
95,Thaddeus,62,44,21,34,40,9.02193E+15,Banglore,1/3 Marathahalli,516535
96,Marny,21,97,18,10,36,9.31798E+15,Hyderabad,6/23 Rudraram,555406
97,Urielle,97,11,69,48,56,9.49535E+15,Karnool,23132-121 c camp,587322
98,Kylie,32,36,86,5,39,9.41778E+15,Rajahmundry,3rd street 4th house morampudi,539481
99,Iola,66,35,93,69,65,9.08275E+15,Banglore,1/3 Marathahalli,518119
100,Callum,36,44,30,99,52,9.52147E+15,Karnool,2-3-4 kallur,500358
101,Colt,65,38,59,99,65,9.9035E+15,Banglore,40 Marathahalli,581345
102,Ryan,3,57,86,62,52,9.84036E+15,Karnool,Aparatments kallur,507715
103,Jenna,16,38,87,83,56,9.01763E+15,Bhimavaram,11/2 Gandhinagar,552319
104,Noel,19,6,18,68,27,9.10068E+15,Tirupati,4-5 Tirumala,513558
105,Colt,65,84,18,58,56,9.11864E+15,Bhimavaram,3/4/16 Raayalam,534046
106,Echo,27,25,85,51,47,9.95258E+15,Karnool,90-90 kallur,507105
107,Nichole,65,35,73,51,56,9.14554E+15,Rajahmundry,10-12 gandhinagar,528941
108,Cooper,25,18,60,22,31,9.11968E+15,Hyderabad,23-1-1 Kondapur,520944
109,Jin,44,26,50,1,30,9.80911E+15,Rajahmundry,6th street 4th house morampudi,598635
110,Davis,82,6,11,27,31,9.56656E+15,Vizag,10th layout maddilapalem,540006
111,Basia,38,42,78,17,43,9.27682E+15,Hyderabad,6/23 Rudraram,522529
112,Hedwig,81,25,7,92,51,9.24137E+15,Rajahmundry,4th street 4th house morampudi,597159
113,Ignatius,71,58,100,42,67,9.70805E+15,Hyderabad,32/64 Chandanagar,570465
114,Chava,19,8,95,8,32,9.49213E+15,Hyderabad,11/12 Siddiq Nagar,513959
115,Glenna,12,70,28,86,49,9.79165E+15,Hyderabad,1/23 Sainikpuri,516909
116,Julie,66,84,13,75,59,9.43197E+15,Vizag,1-2 mvp colony,503323
117,Ezekiel,59,54,18,20,37,9.12014E+15,Karnool,90123-123 camp,535125
118,Drake,8,47,4,22,20,9.69233E+15,Rajahmundry,6-9 gandhinagar,521772
119,Mohammad,9,64,12,11,24,9.31543E+15,Bhimavaram,16/6 Raayalam,553277
120,Howard,1,6,62,63,33,9.12924E+15,Bhimavaram,1/23 Srirampuram,533951
121,Jason,71,94,32,52,62,9.20914E+15,Bhimavaram,10/1 Sivaraopeta,538004
122,Clio,27,75,93,18,53,9.21478E+15,Vizag,2nd street akkayapalem,564799
123,Philip,3,26,33,42,26,9.61771E+15,Bhimavaram,11/1/12 Maruthi Nagar,577440
124,Fulton,12,63,38,31,36,9.97843E+15,Hyderabad,41-775 Siddiq Nagar,504960
125,Gil,26,77,6,42,37,9.42707E+15,Tirupati,fifth Street jevakona,599434
126,Xantha,47,54,10,38,37,9.98936E+15,Bhimavaram,2-1-111 Sivaraopeta,540346
127,Phyllis,100,41,57,52,62,9.85596E+15,Tirupati,third Street jevakona,595734
128,Vera,78,85,52,66,70,9.44566E+15,Bhimavaram,12/3 Adarsh Nagar,576921
129,Yuri,11,20,72,56,39,9.04004E+15,Hyderabad,34-15 Kondapur,536152
130,Curran,62,18,7,17,26,9.14299E+15,Karnool,3rd layout kallur,517662
131,Daniel,100,99,27,58,71,9.36756E+15,Vizag,1-2-3 rushikonda,595488
132,Fatima,67,43,20,10,35,9.6336E+15,Kakinada,1-1-3 A colony,585432
133,Kadeem,32,36,32,82,45,9.76164E+15,Rajahmundry,4th street 4th house morampudi,540976
134,Oscar,43,57,7,1,27,9.17936E+15,Bhimavaram,13/3 Pedamiram colony,559968
135,Brynne,98,80,93,90,90,9.03587E+15,Hyderabad,1/23 Rudraram,534151
136,Susan,14,12,44,46,29,9.37172E+15,Kakinada,2-3-4 AVB Nagar,590943
137,Hop,14,22,87,43,41,9.11975E+15,Karnool,1-1-2 kallur,505883
138,Shellie,79,34,85,40,59,9.84039E+15,Banglore,2 Hebbal,559452
139,Destiny,90,30,44,25,47,9.19548E+15,Karnool,09-90 c camp,599246
140,Devin,29,1,87,52,42,9.6508E+15,Hyderabad,1/12 Chandanagar,599513
141,Ciara,85,39,31,33,47,9.08094E+15,Banglore,1-4-5 Jayanagar,533785
142,Valentine,88,81,77,19,66,9.62101E+15,Bhimavaram,1-2 Sivaraopeta,596956
143,Elaine,23,62,42,40,41,9.16094E+15,Karnool,1-2-3-4 c camp,574738
144,Jack,11,33,10,34,22,9.52322E+15,Hyderabad,2/11 Sainikpuri,568087
145,Malachi,81,62,90,65,74,9.58794E+15,Vizag,3rd layot ramakrishna beach,575945
146,Whilemina,65,56,74,27,55,9.57147E+15,Karnool,6th layout kallur,523968
147,Briar,45,91,70,94,75,9.69429E+15,Bhimavaram,3-9-324 Pedamiram colony,518437
148,MacKenzie,82,87,55,16,60,9.6134E+15,Bhimavaram,3/1 Srirampuram,520839
149,Minerva,14,100,42,83,59,9.22135E+15,Banglore,21 Kaduhasanahalli,573166
150,Morgan,17,52,27,65,40,9.77609E+15,Bhimavaram,22/2 Narasimhapuram,551034
151,Dacey,97,64,56,97,78,9.29347E+15,Hyderabad,2/23 Rudraram,535320
152,Ashton,45,97,69,23,58,9.03892E+15,Hyderabad,14-7 Siddiq Nagar,529585
153,Perry,21,57,19,43,35,9.85581E+15,Hyderabad,12-1-09 Moula Ali,520042
154,Iliana,73,97,39,86,73,9.42897E+15,Vizag,10123 ramakrishna beach,576417
155,Jonah,23,41,48,46,39,9.73432E+15,Bhimavaram,13/11 Narasimhapuram,551061
156,Burke,81,47,40,11,44,9.84628E+15,Vizag,123-123 ramakrishna beach,588824
157,Dante,79,50,2,58,47,9.2872E+15,Tirupati,4-5 K.B Layout,578292
158,Melvin,5,81,1,33,30,9.32108E+15,Vizag,12312 ramakrishna beach,583624
159,Cheyenne,76,52,30,38,49,9.4917E+15,Bhimavaram,1/2 Adarsh Nagar,500113
160,Jade,58,36,44,97,58,9.8192E+15,Bhimavaram,1-1006 Maruthi Nagar,544481
161,Emi,51,80,95,19,61,9.07764E+15,Bhimavaram,11/2 Sivaraopeta,588417
162,Ignatius,39,59,69,57,56,9.76679E+15,Bhimavaram,3-9-270 Appartments street,588072
163,Wylie,37,15,21,23,24,9.35563E+15,Karnool,90123-123 camp,542226
164,Palmer,93,53,79,73,74,9.22736E+15,Rajahmundry,4-5 gandhinagar,506478
165,Marshall,67,40,96,26,57,9.61352E+15,Vizag,1st layout maddilapalem,538551
166,Orli,65,7,30,31,33,9.95768E+15,Hyderabad,23-1-1 Kondapur,594362
167,Josiah,99,81,12,54,61,9.70649E+15,Hyderabad,6/23 Rudraram,557580
168,Maia,73,61,63,44,60,9.49046E+15,Rajahmundry,3rd street 4th house morampudi,583718
169,Phyllis,8,93,5,69,43,9.40275E+15,Banglore,6/4 Bellandur,510144
170,Avram,49,18,71,17,38,9.16575E+15,Rajahmundry,1-2-3 aditya nagar,579131
171,Denton,55,64,44,78,60,9.00006E+15,Rajahmundry,10-12 gandhinagar,533399
172,Hall,97,23,57,39,54,9.24353E+15,Rajahmundry,2-3 gandhinagar,506440
173,Teegan,58,92,11,20,45,9.57836E+15,Karnool,7th layout kallur,524600
174,Stewart,64,90,48,4,51,9.36127E+15,Hyderabad,1/12 Chandanagar,526510
175,Hedwig,71,54,23,18,41,9.8153E+15,Hyderabad,6/23 Rudraram,511465
176,Selma,68,58,62,42,57,9.68065E+15,Banglore,64 Kadubeesanahalli,588458
177,Nomlanga,58,88,80,25,62,9.6895E+15,Tirupati,4-5 K.B Layout,578535
178,John,62,44,66,77,62,9.21485E+15,Bhimavaram,1/17 Gunupudi,540282
179,Julian,58,83,44,69,63,9.20357E+15,Tirupati,4-5 K.B Layout,549829
180,Elijah,62,24,16,77,44,9.17157E+15,Bhimavaram,303 Srirampuram,531854
181,Gillian,98,62,16,43,54,9.8687E+15,Vizag,G107 mvp colony,500575
182,Lysandra,70,66,35,6,44,9.48395E+15,Banglore,64 Kadubeesanahalli,587769
183,Dorian,44,20,3,26,23,9.45743E+15,Banglore,1/3 Marathahalli,539693
184,Dennis,44,2,59,29,33,9.45794E+15,Rajahmundry,1-2-3 aditya nagar,564266
185,Jerome,10,6,16,36,17,9.11111E+15,Bhimavaram,1/2/3 Adarsh Nagar,599054
186,Cain,54,88,86,12,60,9.15605E+15,Karnool,90123-123 camp,538903
187,George,68,93,40,21,55,9.9792E+15,Bhimavaram,19-1-0 Appartments street,571471
188,Emma,14,100,24,29,41,9.46203E+15,Vizag,A108 Street akkayapalem,555138
189,Leroy,26,25,97,86,58,9.17701E+15,Vizag,0-90-11 rushikonda,595208
190,Cecilia,18,59,99,55,57,9.75492E+15,Banglore,64 Kadubeesanahalli,568256
191,Zelda,78,92,19,82,67,9.36135E+15,Kakinada,1-1-3 A colony,559064
192,Carter,13,3,71,62,37,9.36833E+15,Rajahmundry,5th street 4th house morampudi,598166
193,Hector,3,46,94,91,58,9.88901E+15,Tirupati,4-5 K.B Layout,580696
194,Hashim,40,94,29,95,64,9.17517E+15,Kakinada,2-3-4 AVB Nagar,589095
195,Melanie,14,98,9,28,37,9.06817E+15,Tirupati,4-5 K.B Layout,540629
196,Walker,24,82,49,100,63,9.0004E+15,Tirupati,1-2-5 Tirumala,583344
197,Xenos,12,20,67,6,26,9.27714E+15,Banglore,2-4-5 Jayanagar,537382
198,Kermit,12,94,63,86,63,9.74344E+15,Rajahmundry,2nd street 4th house morampudi,534501
199,Honorato,86,59,91,79,78,9.84013E+15,Karnool,102-1 c camp,591266
200,Craig,63,72,33,39,51,9.37259E+15,Banglore,1 Hebbal,549200
